date,platform,account,url,external_id,title,text,content_type,impressions,reach,views,likes,comments,shares,saves,clicks
2026-03-01,youtube,TransparencyWatch,https://youtube.com/watch?v=sample-procurement-001,yt-vid-001,"Procurement Discrepancies: Where Did the $4.2M Healthcare Grant Go?","Deep dive video investigation analyzing public expenditure records and ministerial contract approvals. Includes leaked audit memos and forensic accounting breakdown.",video,145000,98000,52000,4100,920,1650,890,3400
2026-03-03,linkedin,CivicAccountability,https://linkedin.com/posts/healthcare-procurement-audit-summary,li-post-002,"Executive Briefing: 5 Key Findings from the Healthcare Procurement Audit","Summary infographic highlighting single-source vendor awards without statutory public tender proceedings. Shared directly with legislative oversight committee staff.",post,52000,34500,21000,2100,245,580,430,1280
2026-03-05,meta,TransparencyWatch,https://instagram.com/p/procurement-carousel-highlights,ig-post-003,"How $4.2M Meant for Rural Clinics Vanished into Shell Companies","Ten-slide visual carousel breaking down public records into accessible infographics for grassroots civic groups and youth organizers.",post,89000,67000,38000,5600,610,2300,1850,2100
2026-03-07,website,OpenJustice,https://openjustice.org/reports/2026-healthcare-procurement-dossier,web-rep-004,"Dossier: The 2026 State Procurement Transparency Audit Report","Full 64-page verified research report with public asset disclosure indices, FOIA response letters, and parliamentary references.",report,38000,29000,16500,1200,110,980,1650,5100
2026-03-10,substack,CivicDispatch,https://civicdispatch.substack.com/p/investigation-sparks-parliamentary-inquiry,sub-art-005,"Dispatch #48: Parliamentary Committee Demands Answers on Healthcare Contracts","Special newsletter edition detailing the emergency hearing called by the Public Accounts Committee following our dossier publication.",article,24000,19500,14200,980,85,410,320,1950
2026-03-12,twitter,OpenJustice,https://x.com/openjustice/status/179130000001,tw-thread-006,"THREAD: Minister responds to procurement allegations — our line-by-line fact check","8-tweet investigative fact-checking thread comparing ministerial press statement with verified public procurement registry filings.",post,112000,81000,43000,3800,740,2100,620,3800
2026-03-15,youtube,TransparencyWatch,https://youtube.com/watch?v=whistleblower-interview-002,yt-vid-007,"Inside the Ministry: Anonymous Whistleblower Confirms Falsified Invoices","Exclusive interview with former finance ministry procurement officer corroborating document tampering before the parliamentary review.",video,198000,132000,84000,7800,1450,3200,1400,6200
2026-03-18,linkedin,CivicAccountability,https://linkedin.com/posts/reforms-advocacy-policy-brief,li-post-008,"Policy Brief: 3 Statutory Reforms to Close Public Tender Loopholes","Actionable legislative amendment package sent to 45 members of parliament and regulatory agencies.",post,41000,28000,16000,1650,180,490,390,1450
2026-03-22,meta,TransparencyWatch,https://instagram.com/reel/short-explainer-budget-reform,ig-reel-009,"30 Seconds on What Real Procurement Transparency Looks Like","Short-form vertical video explaining open contractor databases and whistleblower protections for citizens.",short_video,215000,165000,125000,12400,890,4500,2100,1800
2026-03-26,website,OpenJustice,https://openjustice.org/investigations/contract-cancelled-victory,web-art-010,"Impact Update: Government Formally Cancels $4.2M Disputed Vendor Contract","Breaking news coverage: Anti-corruption commission initiates formal inquiry and treasury ministry freezes irregular payments.",article,76000,58000,34000,3900,420,2900,2400,8400
